,TP,FP,FN,TN,F1-score,Recall,Precision
feature,90,14,10,186,0.8720600128699164,0.8733333333333333,0.8725885225885226
bug,94,11,6,189,0.8720600128699164,0.8733333333333333,0.8725885225885226
question,78,13,22,187,0.8720600128699164,0.8733333333333333,0.8725885225885226
