,TP,FP,FN,TN,F1-score
feature,0,0,0,20,0.9743589743589742
bug,19,0,1,0,0.9743589743589742
question,0,1,0,19,0.9743589743589742
