,TP,FP,FN,TN,F1-score,Recall,Precision
feature,81,6,19,194,0.861515280599043,0.86,0.869461636703016
bug,88,8,12,192,0.861515280599043,0.86,0.869461636703016
question,89,28,11,172,0.861515280599043,0.86,0.869461636703016
