,TP,FP,FN,TN,F1-score,Recall,Precision
feature,89,15,11,185,0.8578621000281252,0.86,0.8638471961642693
bug,95,19,5,181,0.8578621000281252,0.86,0.8638471961642693
question,74,8,26,192,0.8578621000281252,0.86,0.8638471961642693
