,TP,FP,FN,TN,F1-score,Recall,Precision
feature,80,14,20,186,0.8107417537461722,0.81,0.8134227917472598
bug,82,28,18,172,0.8107417537461722,0.81,0.8134227917472598
question,81,15,19,185,0.8107417537461722,0.81,0.8134227917472598
